{
	"credit": "Made with Blockbench",
	"texture_size": [8, 8],
	"textures": {
		"0": "mvndicraft:blacksmith/hot_steel_generic",
		"particle": "mvndicraft:blacksmith/hot_steel_generic"
	},
	"elements": [
		{
			"from": [7.3723, 6.92809, 6.39311],
			"to": [8.6491, 8.2049, 6.54951],
			"rotation": {"angle": 0, "axis": "x", "origin": [8, 7.5737, 8]},
			"faces": {
				"north": {"uv": [0, 0, 1.9286, 1.9286], "rotation": 180, "texture": "#0"},
				"east": {"uv": [4.5, 4.5, 4.8128, 7.0536], "rotation": 180, "texture": "#0"},
				"south": {"uv": [0, 0, 1.9286, 1.9286], "rotation": 180, "texture": "#0"},
				"west": {"uv": [4.5, 4.5, 4.8128, 7.0536], "rotation": 180, "texture": "#0"},
				"up": {"uv": [4.5, 4.5, 7.0536, 4.8128], "rotation": 180, "texture": "#0"},
				"down": {"uv": [4.5, 4.5, 7.0536, 4.8128], "rotation": 180, "texture": "#0"}
			}
		},
		{
			"from": [8.89241, 8.17731, 8.39061],
			"to": [9.18433, 8.34869, 8.562],
			"rotation": {"angle": 0, "axis": "x", "origin": [8, 7.5737, 8]},
			"faces": {
				"north": {"uv": [11, 3.625, 11.3128, 3.9286], "rotation": 180, "texture": "#0"},
				"east": {"uv": [11, 3.625, 11.3128, 3.9286], "rotation": 180, "texture": "#0"},
				"south": {"uv": [11, 3.625, 11.3128, 3.9286], "rotation": 180, "texture": "#0"},
				"west": {"uv": [11, 3.625, 11.3128, 3.9286], "rotation": 180, "texture": "#0"},
				"up": {"uv": [11, 3.625, 11.3128, 3.9286], "rotation": 180, "texture": "#0"},
				"down": {"uv": [11, 3.625, 11.3128, 3.9286], "rotation": 180, "texture": "#0"}
			}
		},
		{
			"from": [8.625, 7.49039, 9.34611],
			"to": [8.7964, 7.66177, 9.63802],
			"rotation": {"angle": 0, "axis": "x", "origin": [8, 7.5737, 8]},
			"faces": {
				"north": {"uv": [10.875, 2.25, 11.3128, 2.0536], "rotation": 180, "texture": "#0"},
				"east": {"uv": [10.875, 2.25, 11.3128, 2.0536], "rotation": 180, "texture": "#0"},
				"south": {"uv": [10.875, 2.25, 11.3128, 2.0536], "rotation": 180, "texture": "#0"},
				"west": {"uv": [10.875, 2.25, 11.3128, 2.0536], "rotation": 180, "texture": "#0"},
				"up": {"uv": [10.875, 2.25, 11.3128, 2.0536], "rotation": 180, "texture": "#0"},
				"down": {"uv": [10.875, 2.25, 11.3128, 2.0536], "rotation": 180, "texture": "#0"}
			}
		},
		{
			"from": [8.625, 6.38937, 8.39061],
			"to": [8.7964, 6.68128, 8.562],
			"rotation": {"angle": 0, "axis": "x", "origin": [8, 7.5737, 8]},
			"faces": {
				"north": {"uv": [9.5, 3.5, 9.8128, 3.8036], "rotation": 180, "texture": "#0"},
				"east": {"uv": [9.5, 3.5, 9.8128, 3.8036], "rotation": 180, "texture": "#0"},
				"south": {"uv": [9.5, 3.5, 9.8128, 3.8036], "rotation": 180, "texture": "#0"},
				"west": {"uv": [9.5, 3.5, 9.8128, 3.8036], "rotation": 180, "texture": "#0"},
				"up": {"uv": [9.5, 3.5, 9.8128, 3.8036], "rotation": 180, "texture": "#0"},
				"down": {"uv": [9.5, 3.5, 9.8128, 3.8036], "rotation": 180, "texture": "#0"}
			}
		},
		{
			"from": [6.84241, 8.17731, 8.39061],
			"to": [7.13433, 8.34869, 8.562],
			"rotation": {"angle": 0, "axis": "x", "origin": [8, 7.5737, 8]},
			"faces": {
				"north": {"uv": [4.875, 0, 4.4378, 0.4286], "rotation": 180, "texture": "#0"},
				"east": {"uv": [4.875, 0, 4.4378, 0.4286], "rotation": 180, "texture": "#0"},
				"south": {"uv": [4.875, 0, 4.4378, 0.4286], "rotation": 180, "texture": "#0"},
				"west": {"uv": [4.875, 0, 4.4378, 0.4286], "rotation": 180, "texture": "#0"},
				"up": {"uv": [4.875, 0, 4.4378, 0.4286], "rotation": 180, "texture": "#0"},
				"down": {"uv": [4.875, 0, 4.4378, 0.4286], "rotation": 180, "texture": "#0"}
			}
		},
		{
			"from": [8.625, 8.43936, 8.39061],
			"to": [8.7964, 8.73129, 8.562],
			"rotation": {"angle": 0, "axis": "x", "origin": [8, 7.5737, 8]},
			"faces": {
				"north": {"uv": [10.875, 2.25, 11.3128, 2.0536], "rotation": 180, "texture": "#0"},
				"east": {"uv": [10.875, 2.25, 11.3128, 2.0536], "rotation": 180, "texture": "#0"},
				"south": {"uv": [10.875, 2.25, 11.3128, 2.0536], "rotation": 180, "texture": "#0"},
				"west": {"uv": [10.875, 2.25, 11.3128, 2.0536], "rotation": 180, "texture": "#0"},
				"up": {"uv": [10.875, 2.25, 11.3128, 2.0536], "rotation": 180, "texture": "#0"},
				"down": {"uv": [10.875, 2.25, 11.3128, 2.0536], "rotation": 180, "texture": "#0"}
			}
		},
		{
			"from": [8.89241, 7.47731, 7.69061],
			"to": [9.18433, 7.6487, 7.86201],
			"rotation": {"angle": 0, "axis": "x", "origin": [8, 7.5737, 8]},
			"faces": {
				"north": {"uv": [15.5, 4, 15.9378, 3.5536], "rotation": 180, "texture": "#0"},
				"east": {"uv": [15.5, 4, 15.9378, 3.5536], "rotation": 180, "texture": "#0"},
				"south": {"uv": [15.5, 4, 15.9378, 3.5536], "rotation": 180, "texture": "#0"},
				"west": {"uv": [15.5, 4, 15.9378, 3.5536], "rotation": 180, "texture": "#0"},
				"up": {"uv": [15.5, 4, 15.9378, 3.5536], "rotation": 180, "texture": "#0"},
				"down": {"uv": [15.5, 4, 15.9378, 3.5536], "rotation": 180, "texture": "#0"}
			}
		},
		{
			"from": [7.925, 6.79039, 9.34611],
			"to": [8.0964, 6.96177, 9.63802],
			"rotation": {"angle": 0, "axis": "x", "origin": [8, 7.5737, 8]},
			"faces": {
				"north": {"uv": [4.875, 0, 4.4378, 0.4286], "rotation": 180, "texture": "#0"},
				"east": {"uv": [4.875, 0, 4.4378, 0.4286], "rotation": 180, "texture": "#0"},
				"south": {"uv": [4.875, 0, 4.4378, 0.4286], "rotation": 180, "texture": "#0"},
				"west": {"uv": [4.875, 0, 4.4378, 0.4286], "rotation": 180, "texture": "#0"},
				"up": {"uv": [4.875, 0, 4.4378, 0.4286], "rotation": 180, "texture": "#0"},
				"down": {"uv": [4.875, 0, 4.4378, 0.4286], "rotation": 180, "texture": "#0"}
			}
		},
		{
			"from": [7.925, 6.38937, 7.69061],
			"to": [8.0964, 6.68128, 7.86201],
			"rotation": {"angle": 0, "axis": "x", "origin": [8, 7.5737, 8]},
			"faces": {
				"north": {"uv": [4.125, 3.5, 4.4378, 3.9286], "rotation": 180, "texture": "#0"},
				"east": {"uv": [4.125, 3.5, 4.4378, 3.9286], "rotation": 180, "texture": "#0"},
				"south": {"uv": [4.125, 3.5, 4.4378, 3.9286], "rotation": 180, "texture": "#0"},
				"west": {"uv": [4.125, 3.5, 4.4378, 3.9286], "rotation": 180, "texture": "#0"},
				"up": {"uv": [4.125, 3.5, 4.4378, 3.9286], "rotation": 180, "texture": "#0"},
				"down": {"uv": [4.125, 3.5, 4.4378, 3.9286], "rotation": 180, "texture": "#0"}
			}
		},
		{
			"from": [6.84241, 7.47731, 7.69061],
			"to": [7.13433, 7.6487, 7.86201],
			"rotation": {"angle": 0, "axis": "x", "origin": [8, 7.5737, 8]},
			"faces": {
				"north": {"uv": [10.875, 2.25, 11.3128, 2.0536], "rotation": 180, "texture": "#0"},
				"east": {"uv": [10.875, 2.25, 11.3128, 2.0536], "rotation": 180, "texture": "#0"},
				"south": {"uv": [10.875, 2.25, 11.3128, 2.0536], "rotation": 180, "texture": "#0"},
				"west": {"uv": [10.875, 2.25, 11.3128, 2.0536], "rotation": 180, "texture": "#0"},
				"up": {"uv": [10.875, 2.25, 11.3128, 2.0536], "rotation": 180, "texture": "#0"},
				"down": {"uv": [10.875, 2.25, 11.3128, 2.0536], "rotation": 180, "texture": "#0"}
			}
		},
		{
			"from": [7.925, 8.43936, 7.69061],
			"to": [8.0964, 8.73129, 7.86201],
			"rotation": {"angle": 0, "axis": "x", "origin": [8, 7.5737, 8]},
			"faces": {
				"north": {"uv": [11, 3.625, 11.3128, 3.9286], "rotation": 180, "texture": "#0"},
				"east": {"uv": [11, 3.625, 11.3128, 3.9286], "rotation": 180, "texture": "#0"},
				"south": {"uv": [11, 3.625, 11.3128, 3.9286], "rotation": 180, "texture": "#0"},
				"west": {"uv": [11, 3.625, 11.3128, 3.9286], "rotation": 180, "texture": "#0"},
				"up": {"uv": [11, 3.625, 11.3128, 3.9286], "rotation": 180, "texture": "#0"},
				"down": {"uv": [11, 3.625, 11.3128, 3.9286], "rotation": 180, "texture": "#0"}
			}
		},
		{
			"from": [8.89241, 6.77731, 8.39061],
			"to": [9.18433, 6.94869, 8.562],
			"rotation": {"angle": 0, "axis": "x", "origin": [8, 7.5737, 8]},
			"faces": {
				"north": {"uv": [10.875, 2.25, 11.3128, 2.0536], "rotation": 180, "texture": "#0"},
				"east": {"uv": [10.875, 2.25, 11.3128, 2.0536], "rotation": 180, "texture": "#0"},
				"south": {"uv": [10.875, 2.25, 11.3128, 2.0536],