{"textures":{"0":"bettermodel:item/boat_1","1":"bettermodel:item/boat_2","2":"bettermodel:item/boat_3","3":"bettermodel:item/boat_4","4":"bettermodel:item/boat_5","5":"bettermodel:item/boat_6","6":"bettermodel:item/boat_7","7":"bettermodel:item/boat_8","8":"bettermodel:item/boat_9","9":"bettermodel:item/boat_10","10":"bettermodel:item/boat_11","11":"bettermodel:item/boat_12","particle":"bettermodel:item/boat_1"},"elements":[{"from":[8.243672,-0.5470686,15.054488],"to":[8.483707,10.014477,15.306522],"faces":{"north":{"uv":[0.5,0.5,7.76,0.665],"rotation":90.0,"tintindex":-2,"texture":"#3"},"east":{"uv":[0.74,0.5,8.0,0.67325],"rotation":90.0,"tintindex":-2,"texture":"#3"},"south":{"uv":[0.74,0.5,8.0,0.665],"rotation":90.0,"tintindex":-2,"texture":"#3"},"west":{"uv":[0.74,0.5,8.0,0.67325],"rotation":90.0,"tintindex":-2,"texture":"#3"},"up":{"uv":[2.67325,0.665,2.5,0.5],"rotation":90.0,"tintindex":-2,"texture":"#3"},"down":{"uv":[2.5,0.915,2.67325,0.75],"rotation":90.0,"tintindex":-2,"texture":"#3"}}},{"from":[8.23167,-0.79910564,15.162502],"to":[8.495709,-0.07900047,15.414539],"faces":{"north":{"uv":[1.5,0.5,1.995,0.6815],"rotation":90.0,"tintindex":-2,"texture":"#3"},"east":{"uv":[1.5,1.0,1.995,1.17325],"rotation":90.0,"tintindex":-2,"texture":"#3"},"south":{"uv":[1.5,1.5,1.995,1.6815],"rotation":90.0,"tintindex":-2,"texture":"#3"},"west":{"uv":[1.75,0.5,2.245,0.67325],"rotation":90.0,"tintindex":-2,"texture":"#3"},"up":{"uv":[2.67325,1.1815,2.5,1.0],"rotation":90.0,"tintindex":-2,"texture":"#3"},"down":{"uv":[2.5,1.4315,2.67325,1.25],"rotation":90.0,"tintindex":-2,"texture":"#3"}},"rotation":{"angle":-22.5,"axis":"x","origin":[8.363689,-0.31903553,15.28852]}},{"from":[8.23167,-0.79910564,14.94647],"to":[8.495709,-0.07900047,15.198507],"faces":{"north":{"uv":[1.75,1.0,2.245,1.1815],"rotation":90.0,"tintindex":-2,"texture":"#3"},"east":{"uv":[1.75,1.5,2.245,1.67325],"rotation":90.0,"tintindex":-2,"texture":"#3"},"south":{"uv":[2.0,0.5,2.495,0.6815],"rotation":90.0,"tintindex":-2,"texture":"#3"},"west":{"uv":[2.0,1.0,2.495,1.17325],"rotation":90.0,"tintindex":-2,"texture":"#3"},"up":{"uv":[1.67325,2.6815,1.5,2.5],"rotation":90.0,"tintindex":-2,"texture":"#3"},"down":{"uv":[2.5,1.6815,2.67325,1.5],"rotation":90.0,"tintindex":-2,"texture":"#3"}},"rotation":{"angle":22.5,"axis":"x","origin":[8.363689,-0.31903553,15.072491]}},{"from":[8.345687,-0.79910564,15.060488],"to":[8.597724,-0.07900047,15.300524],"faces":{"north":{"uv":[1.5,2.0,1.995,2.17325],"rotation":90.0,"tintindex":-2,"texture":"#3"},"east":{"uv":[2.0,1.5,2.495,1.665],"rotation":90.0,"tintindex":-2,"texture":"#3"},"south":{"uv":[1.75,2.0,2.245,2.17325],"rotation":90.0,"tintindex":-2,"texture":"#3"},"west":{"uv":[2.0,2.0,2.495,2.165],"rotation":90.0,"tintindex":-2,"texture":"#3"},"up":{"uv":[1.915,2.67325,1.75,2.5],"rotation":90.0,"tintindex":-2,"texture":"#3"},"down":{"uv":[2.5,1.92325,2.665,1.75],"rotation":90.0,"tintindex":-2,"texture":"#3"}},"rotation":{"angle":22.5,"axis":"z","origin":[8.471705,-0.31903553,15.168505]}},{"from":[8.129656,-0.79910564,15.060488],"to":[8.381692,-0.07900047,15.300524],"faces":{"north":{"uv":[2.25,0.5,2.745,0.67325],"rotation":90.0,"tintindex":-2,"texture":"#3"},"east":{"uv":[2.25,1.0,2.745,1.165],"rotation":90.0,"tintindex":-2,"texture":"#3"},"south":{"uv":[2.25,1.5,2.745,1.67325],"rotation":90.0,"tintindex":-2,"texture":"#3"},"west":{"uv":[2.25,2.0,2.745,2.165],"rotation":90.0,"tintindex":-2,"texture":"#3"},"up":{"uv":[2.165,2.67325,2.0,2.5],"rotation":90.0,"tintindex":-2,"texture":"#3"},"down":{"uv":[2.5,2.17325,2.665,2.0],"rotation":90.0,"tintindex":-2,"texture":"#3"}},"rotation":{"angle":-22.5,"axis":"z","origin":[8.255673,-0.31903553,15.168505]}},{"from":[8.003637,8.443222,9.117823],"to":[8.243672,8.683257,24.0],"faces":{"north":{"uv":[2.25,2.5,2.415,2.665],"tintindex":-2,"texture":"#3"},"east":{"uv":[0.0,0.0,8.0,0.165],"tintindex":-2,"texture":"#3"},"south":{"uv":[2.5,2.25,2.665,2.415],"tintindex":-2,"texture":"#3"},"west":{"uv":[0.0,0.25,8.0,0.415],"tintindex":-2,"texture":"#3"},"up":{"uv":[8.0,0.165,0.0,0.0],"rotation":90.0,"tintindex":-2,"texture":"#3"},"down":{"uv":[0.0,0.165,8.0,0.0],"rotation":90.0,"tintindex":-2,"texture":"#3"}},"rotation":{"angle":-45.0,"axis":"x","origin":[7.3735447,5.8028355,17.279015]}}]}